Customer,CustomerType,Items,NetSales,MethodOfPayment,Gender,MaritalStatus,Age
54,0,2,74,Visa,Female,Single,20
89,1,1,31.6,Proprietary Card,Female,Single,20
17,1,3,94,Proprietary Card,Female,Single,22
73,0,1,69,Proprietary Card,Female,Single,22
15,0,1,49.5,Visa,Male,Single,24
4,1,5,100.4,Proprietary Card,Female,Married,28
21,1,1,31.6,Proprietary Card,Female,Single,28
31,1,2,63.2,MasterCard,Female,Married,28
68,1,5,146.8,Proprietary Card,Female,Married,28
78,1,4,111.14,Proprietary Card,Female,Married,28
7,1,2,78,Proprietary Card,Female,Married,30
48,1,3,63.64,Proprietary Card,Female,Married,30
62,1,3,59.91,Proprietary Card,Female,Single,30
71,1,5,155.32,Proprietary Card,Female,Married,30
82,1,6,53.2,Proprietary Card,Female,Single,30
94,1,17,229.5,Proprietary Card,Female,Married,30
97,1,9,253,Proprietary Card,Female,Married,30
99,1,2,47.6,Proprietary Card,Female,Married,30
1,0,1,39.5,Discover,Male,Married,32
3,0,1,22.5,Proprietary Card,Female,Married,32
19,1,2,38.5,MasterCard,Female,Married,32
29,1,3,71.2,Proprietary Card,Female,Married,32
49,1,1,14.82,Proprietary Card,Female,Married,32
55,0,2,49.5,MasterCard,Female,Married,32
72,1,4,58,MasterCard,Female,Married,32
74,1,2,46.5,Proprietary Card,Female,Married,32
5,0,2,54,MasterCard,Female,Married,34
34,0,1,40,Proprietary Card,Female,Married,34
67,1,2,59.5,Proprietary Card,Female,Married,34
2,1,1,102.4,Proprietary Card,Female,Married,36
10,0,1,44.5,Proprietary Card,Female,Married,36
16,1,2,71.4,Proprietary Card,Male,Single,36
36,0,1,29.5,MasterCard,Male,Single,36
83,1,4,58.5,Visa,Female,Married,36
88,0,4,107,Proprietary Card,Female,Married,36
22,1,4,70.82,Proprietary Card,Female,Married,38
45,1,2,23.8,Proprietary Card,Female,Married,38
51,1,6,176.62,Proprietary Card,Female,Married,38
56,1,3,141.6,Proprietary Card,Female,Married,38
79,1,3,86.8,Proprietary Card,Female,Married,38
8,0,1,22.5,Visa,Female,Married,40
12,1,1,31.6,Proprietary Card,Female,Married,40
13,1,9,160.4,Visa,Female,Married,40
18,0,3,54.5,Discover,Female,Married,40
24,0,2,74,Proprietary Card,Female,Married,42
28,1,5,192.8,Proprietary Card,Female,Single,42
37,0,2,102.5,Visa,Female,Single,42
41,1,13,198.8,Proprietary Card,Female,Married,42
64,1,1,31.6,Proprietary Card,Female,Single,42
77,0,2,39,Proprietary Card,Female,Married,42
90,1,6,57.6,Proprietary Card,Female,Married,42
6,0,1,44.5,MasterCard,Female,Married,44
33,1,3,63.2,Proprietary Card,Female,Married,44
39,1,5,13.23,Proprietary Card,Female,Married,44
84,1,3,46,Proprietary Card,Female,Married,44
85,0,2,37.5,Visa,Female,Married,44
96,0,1,39.5,MasterCard,Female,Married,44
100,1,1,28.44,Proprietary Card,Female,Married,44
9,1,2,56.52,Proprietary Card,Female,Married,46
14,1,2,64.5,Visa,Female,Married,46
42,1,4,19.5,Visa,Female,Married,46
47,0,1,25,MasterCard,Female,Married,46
50,1,9,145.2,MasterCard,Female,Married,46
59,1,4,65.2,MasterCard,Female,Married,46
61,1,1,108.8,Proprietary Card,Female,Married,46
69,1,2,47.2,Proprietary Card,Male,Married,46
95,0,3,66,American Express,Female,Married,46
11,0,1,29.5,Proprietary Card,Female,Married,48
25,1,2,39.5,Visa,Male,Married,48
43,0,2,123.5,Proprietary Card,Female,Married,48
58,1,2,80.4,Proprietary Card,Female,Married,48
65,1,2,49.5,Proprietary Card,Female,Married,48
87,0,6,144,MasterCard,Female,Single,48
23,1,7,266,American Express,Female,Married,50
38,1,6,117.5,Proprietary Card,Female,Married,50
60,1,4,113,Proprietary Card,Female,Single,50
32,0,1,75,Proprietary Card,Female,Married,52
98,1,10,287.59,Proprietary Card,Female,Married,52
27,0,1,44.5,Proprietary Card,Female,Married,54
44,1,1,62.4,Proprietary Card,Female,Married,54
57,1,6,123.1,Proprietary Card,Female,Married,54
63,1,5,53.6,Proprietary Card,Female,Married,54
70,1,8,95.05,Proprietary Card,Female,Married,54
80,0,2,89,Discover,Female,Married,54
91,1,4,95.2,Proprietary Card,Female,Married,54
92,1,1,22.42,Proprietary Card,Female,Married,54
20,1,6,44.8,Proprietary Card,Female,Married,56
35,1,5,105.5,MasterCard,Female,Married,56
40,0,2,52.5,Proprietary Card,Female,Married,58
26,1,1,30.02,Proprietary Card,Female,Married,60
46,1,2,39.6,Proprietary Card,Female,Married,60
66,1,1,39.6,Proprietary Card,Female,Married,62
76,1,4,84.74,Proprietary Card,Female,Married,62
86,1,1,20.8,Proprietary Card,Female,Married,62
52,1,5,118.8,Proprietary Card,Male,Married,68
81,1,2,78,MasterCard,Female,Married,68
30,1,1,18,Proprietary Card,Female,Married,70
93,0,5,159.75,Proprietary Card,Female,Married,72
75,1,2,45.22,Proprietary Card,Female,Married,74
53,0,1,58,Discover,Female,Single,78
